<?xml version="1.0" encoding="UTF-8"?>
<project-private xmlns="http://www.netbeans.org/ns/project-private/1">
    <editor-bookmarks xmlns="http://www.netbeans.org/ns/editor-bookmarks/2" lastBookmarkId="0"/>
    <open-files xmlns="http://www.netbeans.org/ns/projectui-open-files/2">
        <group>
            <file>file:/D:/cricket_tournament/src/cricket_tournament/First.java</file>
            <file>file:/D:/cricket_tournament/src/cricket_tournament/points_table.java</file>
            <file>file:/D:/cricket_tournament/src/cricket_tournament/FindP.java</file>
            <file>file:/D:/cricket_tournament/src/cricket_tournament/Admin.java</file>
            <file>file:/D:/cricket_tournament/src/cricket_tournament/Statistics.java</file>
            <file>file:/D:/cricket_tournament/src/cricket_tournament/Main.java</file>
            <file>file:/D:/cricket_tournament/src/cricket_tournament/DBhandler.java</file>
            <file>file:/D:/cricket_tournament/src/cricket_tournament/AdvancedPSearch.java</file>
            <file>file:/D:/cricket_tournament/src/cricket_tournament/Insert.java</file>
            <file>file:/D:/cricket_tournament/src/cricket_tournament/Grounds.java</file>
            <file>file:/D:/cricket_tournament/src/cricket_tournament/Schedule.java</file>
        </group>
    </open-files>
</project-private>
